1716,Thiago Nascimento,F,42
8707,Ana Rodrigues,M,43
4886,Maria Machado,M,41
6287,Oscar Ribeiro,F,19
4820,Pedro Ferreira,M,22
1916,Wesley Mello,F,17
8610,Katia Torres,M,44
4071,Maria Costa,M,44
9905,Wesley Gomes Pereira,F,34
9341,Arnaldo Gomes Pereira,F,28
8130,Sergio Nunes,F,25
5784,Guilherme Gomes Pereira,M,33
778,Carlos do Valle,M,37
3765,Sergio Santos,M,41
4482,Renata Torres,F,24
2731,Felipe Machado,F,22
1379,Sergio Rodrigues,F,39
5457,Thiago Nascimento,F,36
3383,Thiago Teodosio,M,41
4764,Maria Torres,M,34
2810,Renata Monteiro,M,41
9449,Marcos Monteiro,M,41
6034,Carlos Rodrigues,M,37
425,Leonardo Teodosio,F,33
1020,Pedro Santos,F,31
9170,Pedro Ferreira,M,38
2026,Oscar Rodrigues,F,44
2378,Victor Barros,M,25
599,Victor Ribeiro,M,16
8486,Marcos Nunes,F,35
